機關名稱,開放時間,地址,電話,分機,手機
內政部國土管理署,週一至週五 08:30~17:30,臺北市松山區八德路2段342號,(02)87712437,,
交通部運輸研究所,週一至週五 08:30~17:30,臺北市松山區敦化北路240號,(02)23496734,6733,
交通部公路局臺北市區監理所,週一至週五 08:30~18:00,臺北市松山區八德路4段21號,(02)27630155,628,
"臺北自來水事業處
(東區營業分處)",週一至週五 08:30~17:30,臺北市松山區光復北路266號,(02)87703357,,
臺北大眾捷運股份有限公司-臺北小巨蛋,"週一至週日 09:00~21:00
(展演期間延至閉館)",臺北市松山區南京東路4段2號,"(02)25783536
",601、602,
微風廣場實業股份有限公司,"1.週日至週三 11:00~21:30
2.週四至週六 11:00~22:00",臺北市松山區復興南路1段39號,(02)66008888,3528,
台灣家樂福股份有限公司三民分公司,"1.週日至週四 08:00~23:00
2.週五、週六 08:00~24:00",臺北市松山區三民路160號,(02)27670702, 850、851,
臺北偶戲館,週二至週日 10:00~17:00,臺北市松山區市民大道5段99號,(02)25289553,202,
臺北市政府體育局,週一至週日 08:00~22:00,臺北市松山區南京東路4段10號,(02)25702330,6552,
食祿軒餐廳股份有限公司慶城分公司,週一至週日 11:00~21:30,臺北市松山區復興北路99號,(02)77071678,118,
臺北市立圖書館三民分館,"1.週二至週六 08:30~21:00
2.週日、週一 09:00~17:00",臺北市松山區民生東路5段163-1號,(02)27600408,9,
臺北市立圖書館啟明分館,週一至週日 09:00~17:00,臺北市松山區敦化北路76號,(02)25148443,14,
空軍松山基地指揮部,週一至週五 08:00~17:00,臺北市松山區民權東路4段121號,(02)27198499,,
臺北市政府警察局松山分局,每日24小時開放,臺北市松山區南京東路4段12號,(02)25790692,,
臺北市政府社會局早療通報及轉介中心,週一至週五 09:30~17:00,臺北市松山區民生東路5段163-1號,(02)27568852,106,
臺北市松山區戶政事務所,週一至週五 08:30~17:30,臺北市松山區八德路4段692號,(02)27533043,517,
臺北市政府民政局民生社區中心,週一至週日 08:00~22:00,臺北市松山區民生東路5段163-1號,(02)27666959,,
臺北市立松山幼兒園,週一至週五 08:30~17:30,臺北市松山區敦化北路5號,(02)27153544,15,
臺北市立圖書館民生分館,週二至週六 08:30~21:00,臺北市松山區敦化北路5號,(02)27138083,,
臺北田徑場,週一至週五 08:00~17:00,臺北市松山區敦化北路3號,(02)25702330,6520,
微風置地股份有限公司南京分公司,週一至週日 11:00~22:00,臺北市松山區南京東路3段337號,(02)66000999,3528,
臺北市松山區公所,週一至週五 08:30~17:30,臺北市松山區八德路4段692號,(02)87878787,166,
臺北市松山運動中心,週一至週日 06:00~22:00,臺北市松山區敦化北路1號,(02)66176789,215,
臺北市立圖書館中崙分館,"1.週二至週六 08:30~21:00
2.週日、週一 09:00~17:00",臺北市松山區長安東路2段229號,(02)87736858,,
臺北大眾捷運股份有限公司-南京復興站,週一至週日 06:00~22:00,臺北市松山區南京東路3段253號,(02)25505600,5182,
臺北市松山親子館,"1.週二至週五 09:30~12:00；14:00~17:00
2.週六、週日 09:30~11:00；13:00~14:30；15:30~17:00",臺北市松山區民生東路5段163-1號,(02)27661266,108,
兄弟大飯店,週一至週日 09:00-21:00,臺北市松山區南京東路3段255號,(02)27123456,,
CITYLINK-松山貳號店(潤泰百益股份有限公司),週一至週日 11:00-22:00,臺北市松山區市民大道6段131號,(02)25281115,,
臺北市政府警察局保安警察大隊,24小時開放,臺北市松山區延壽街339號,(02)27629228,,
臺北市松山南港婦女支持培力中心,"週二至週六 9:00~18:00
週三13:00~21:00",臺北市松山區南京東路5段5號,(02)27685256,,
臺北市藝文推廣處,週二至週日09:00~17:00,臺北市松山區八德路3段25號,(02)25775931,351,
臺北市藝文推廣處-城市舞台,節目演出時間開放,臺北市松山區八德路3段25號,(02)25775931,2104,
三軍總醫院松山分院附設民眾診療服務處,周一至周五08:00~21:30,臺北市松山區健康路131號,(02)27642151,672715,
交通部民用航空局臺北國際航空站,週一至週日 05:30~22:30,臺北市松山區敦化北路340號,(02)87703424,,
交通部民用航空局臺北國際航空站,週一至週日 05:30~22:30,臺北市松山區敦化北路340號,(02)87703424,,
交通部民用航空局臺北國際航空站,週一至週日 05:30~22:30,臺北市松山區敦化北路340號,(02)87703424,,
交通部民用航空局臺北國際航空站,週一至週日 05:30~22:30,臺北市松山區敦化北路340號,(02)87703424,,
交通部民用航空局臺北國際航空站,週一至週日 05:30~22:30,臺北市松山區敦化北路340號,(02)87703424,,
交通部民用航空局臺北國際航空站,週一至週日 05:30~22:30,臺北市松山區敦化北路340號,(02)87703424,,
交通部民用航空局臺北國際航空站,週一至週日 05:30~22:30,臺北市松山區敦化北路340號,(02)87703424,,
交通部民用航空局臺北國際航空站,週一至週日05:30~22:30,臺北市松山區敦化北路340號,(02)87703424,,
交通部民用航空局臺北國際航空站,週一至週日05:30~22:30,臺北市松山區敦化北路340號,(02)87703424,,
臺北市政府(第一哺集乳室)(公管處),"週一至週五
8:30-17:30",臺北市信義區市府路1號,(02)27208889,8640,
臺北市政府(第二哺集乳室)(公管處),"週一至週五
8:30-17:30",臺北市信義區市府路1號,(02)27208889,8640,
臺北市議會,"週一至週五
8:00-17:00",臺北市信義區仁愛路4段507號,(02)27297708,4202,
臺北市信義區健康服務中心,"週一至週五
8:30-17:30",臺北市信義區福德街86號,(02)27234598,6171,
臺北市信義區公所,"週一至週五
8:30-17:30",臺北市信義區福德街86號,(02)27239777,706,
臺北市信義區公所,"週一至週五
8:30-17:30",臺北市信義區福德街86號,(02)27239777,707,
臺北市信義區戶政事務所,"週一至週五
8:30-17:30",臺北市信義區福德街86號,(02)27233977,303,
臺北市松山地政事務所,"週一至週五
8:30-17:00",臺北市信義區莊敬路2號,(02)27230711,405.406,
臺北市動物保護處,"週一至週五
8:00-17:00",臺北市信義區吳興街109號,(02)87897158,7155,
臺北市政府警察局婦幼警察隊,"週一至週五
8:00-17:00",臺北市信義區信義路5段108號,(02)27592398,1607,
中國青年救國團臺北市信義運動中心,"週一至週五
8:00-17:00",臺北市信義區松勤街100號,(02)87861911,238,
行政院公共工程委員會,"週一至週五
8:00-17:00",臺北市信義區松仁路3號,(02)87897771,,
國軍退除役官兵輔導委員會,"週一至週五
8:00-17:00",臺北市信義區忠孝東路5段222號,(02)27571373,785,
內政部警政署刑事警察局,"週一至週五
8:00-17:00",臺北市信義區忠孝東路4段5號,"(02)23219011
",7254574,
臺北世界貿易中心展覽大樓(世貿一館),"週一至週五
8:00-17:00",臺北市信義區信義路5段5號,(02)27255200,2668,
臺北世界貿易中心展覽大樓(世貿一館),"週一至週五
8:00-17:00",臺北市信義區信義路5段5號,(02)27255200,2268,
臺北市立聯合醫院松德院區,"週一至週日
全日24小時開放",臺北市信義區松德路309號,(02)27263141,1139,0912462588
交通部臺灣鐵路管理局松山車站,"週一至週日
全日24小時開放",臺北市信義區松山路11號,(02)27666323,8303,0922499928
交通部臺灣鐵路管理局松山車站,"週一至週日
全日24小時開放",臺北市信義區松山路11號,(02)27666323,8303,
新光三越百貨股份有限公司信義二館,"週一至週五
11:00-21:30
週六、週日
11:00-22:00",臺北市信義區松高路12號,(02)87809966,6409、6410,0917546867
新光三越百貨股份有限公司信義分公司A11館,"週一至週五
11:00-21:30
週六、週日
11:00-22:00",臺北市信義區松壽路11號,(02)87801000,2309,
臺北市政府警察局信義分局,"週一至週五
8:00-17:00",臺北市信義區信義路5段17號,(02)27234887,,
統一開發股份有限公司,"週一至週日
06:00-23:00",臺北市信義區忠孝東路5段6號,(02)27221166,6003,
新光三越百貨股份有限公司信義三館,"週一至週五
11:00-21:30
週六、週日
11:00-22:00",臺北市信義區松壽路9號,(02)87801000,7309,
台北金融大樓股份有限公司,"週一至週五
11:00-21:30
週六、日
11:00-22:00",臺北市信義區市府路45號,"81019060
",,0912462588
台北金融大樓股份有限公司,"週一至週五
11:00-21:30
週六、日
11:00-22:00",臺北市信義區市府路45號,"81019060
",,0912462588
寶麗廣場BELLAVITA,"週一至週五
10:30-22:00
週六、日
10:30-22:30",臺北市信義區松仁路28號,"(02)87292802
",,0922499928
統一百華股份有限公司台北分公司,"週日至週四
11:00~21:30
週五至週六
11:00~22:00",臺北市信義區忠孝東路5段8號,(02)27299699,2331,0970221208
遠百企業股份有限公司忠孝店,"週一至週日
11:00-22:00",臺北市信義區忠孝東路5段297號,(02)25289388,107、187,0979240674
松山文創園區,"週一至週日
11:00-22:00",臺北市信義區光復南路133號,(02)27651388,112,0910564325
臺北市立信義幼兒園,"週一至週五
8:00-17:00",臺北市信義區基隆路1段24號,(02)27584138,17,
臺北市立圖書館永春分館,"週一至週五
8:00-17:00",臺北市信義區松山路294號,(02)27609730,,
臺北市立圖書館三興分館,"週一至週五
8:00-17:00",臺北市信義區吳興街6號,(02)87321063,,0978722122
 臺北市立圖書館六合分館 ,"週一至週日
11:00-22:00",臺北市信義區松仁路19號,(02)27292485,,
 吸引力生活事業股份有限公司 ,"週日至週四
11:00-22:00
週五、六
11:00-23:00",臺北市信義區松壽路12號,(02)77375888,5207,0913353659
 吸引力生活事業股份有限公司 ,"週日至週四
11:00-22:00
週五、六
11:00-23:00",臺北市信義區松壽路12號,(02)77375888,5207,0933462614
威秀影城股份有限公司,"週一至週日
10:00-22:00",臺北市信義區松壽路20號,(02)87805566,323,920531792
微風置地股份有限公司-微風松高,"週日至週三
11:00-21:30
週四至週六
11:00-22:00",臺北市信義區松高路16號,(02)66369959,3528,937496774
誠品生活松菸店,"週一至週日
11:00-22:00",臺北市信義區菸廠路88號,(02)66365888,2781,958793697
國立國父紀念館,"週一至週日
8:00-20:00",臺北市信義區仁愛路4段505號,(02)27588008,561,
信義區親子館,"週一至週五
8:00-17:00",臺北市信義區松勤街50號,(02)27202555,109,0960118771
中華民國對外貿易發展協會台北世貿中心展會營運處(台北國際會議中心),"週一至週五
8:00-17:00",臺北市信義區信義路5段1號,"(02)27255200
",3543,0978722122
時代國際飯店股份有限公司,"週一至週日
全日24小時開放",臺北市信義區信義路5段10號,(02)77038901,,
微風置地股份有限公司-信義店,"週日至週三
11:00-21:30
週四至週六
11:00-22:00",臺北市信義區忠孝東路5段68號,"(02)66366699
",3528,0913353659
新光三越百貨股份有限公司台北信義分公司四館,"週一至週五
11:00-21:30
週六、週日
11:00-22:00",臺北市信義區松高路19號,"(02)87895599
",8510,0933462614
潤泰百益股份有限公司(Citylink松山店),"週一至週日
11:00-22:00",臺北市信義區松山路11號,"(02)27471000
",305,0920531792
微風置地股份有限公司-南山分公司,"週日至週三
11:00-21:30
週四至週六
11:00-22:00",臺北市信義區松智路17號,"(02)66389999
",3528,0937496774
豐隆大飯店股份有限公司(台北君悅酒店),"週一至週日
全日24小時開放",臺北市信義區松壽路2號,"(02)27201200
                ",3050,0958793697
寒舍國際酒店股份有限公司(寒舍艾麗酒店),"週一至週日
全日24小時開放",臺北市信義區松高路18號,(02)66318000,5803,
寒舍餐旅管理顧問股份有限公司-信義分公司(台北寒舍艾美酒店),"週一至週日
全日24小時開放",臺北市信義區松仁路38號,"(02)66225768
",,0960118771
遠東百貨股份有限公司,"週一至週五
11:00-21:30
週六、週日
11:00-22:00",臺北市信義區松仁路58號,"(02)77500888
",8332,
聯合醫院廣慈信義門診部,"週一至週五
8:30-16:30",臺北市信義區大道路116號,(02)87804152,,
臺北市立浩然敬老院,"週一至週五
8:30-17:00",臺北市信義區大道路116號,(02)28581081,320,
臺北市立圖書館廣慈分館,"週二至週六
8:30-21:00
週日至週一
9:00-17:00",臺北市信義區福德街86號,(02)27277872,,
臺北市立圖書館總館,"1.週日、週一09:00-17:00
2.週二至週六08:30-21:00",臺北市大安區建國南路2段125號,"(02)27552823
","2130
(週二至周六)18:00以後撥分機2104、2105",
臺北市政府客家事務委員會,"週一至週五08:00~21:30 
週六至週日08:00-17:30",臺北市大安區信義路段3段11號,(02)27(02)6141,320,
行政院人事行政總處公務人力發展學院,週一至週日08:30~17:30,臺北市大安區新生南路3段30號,(02)77122323,2323,
臺北市立聯合醫院仁愛院區,"1.週一至週五08:00-17:30
2.週六08:00-12:30",臺北市大安區仁愛路4段10號,(02)27093600,3233,
臺北大眾捷運股份有限公司-忠孝復興站,週一至週日06:00-24:00,臺北市大安區忠孝東路4段47號,(02)25505600,6102,
太平洋崇光百貨股份有限公司忠孝館,週一至週日11:00-21:30,臺北市大安區忠孝東路4段45號,(02)27765555,1652、1653,
臺北市大安運動中心,週一至週日06:00~22:00,臺北市大安區辛亥路3段55號,(02)23770300,405,
明曜百貨股份有限公司,"1.週日至週四11:00-21:30
2.週五、週六11:00-22:00
(國定假日前一天11:00-22:00)",臺北市大安區忠孝東路4段200號,(02)27771266,315,
臺灣電力公司台北市區營業處,週一至週五08:00-17:00,臺北市大安區基隆路4段75號,(02)23788111,5832,
臺北市大安區公所,週一至週五08:30-17:30,臺北市大安區新生南路2段86號,(02)23511711,9207,
臺北市立大安幼兒園,週一至週五08:00-16:30,臺北市大安區四維路11號,(02)27551211,15,
臺北市大安區健康服務中心,週一至週五08:00-17:30,臺北市大安區辛亥路3段15號,(02)27335831,6253,
中華民國交通部觀光署,週一至週五08:00-17:30,臺北市大安區忠孝東路4段290號,(02)23491500,8652,
臺北市政府警察局大安分局,每日24小時開放,臺北市大安區仁愛路3段2號,(02)23255821,,
臺灣銀行信義分行,週一至週五09:00-15:30,臺北市大安區信義路2段88號,(02)23515486,255,
臺北大眾捷運股份有限公司-忠孝新生站,週一至週日06:00-24:00,臺北市大安區新生南路1段67號,(02)21812345,,
遠企購物中心,"週日至週四11:00~21:30
週五至週六11:00~22:00",臺北市大安區忠孝東路3段300號,(02)23786666,6666,
臺灣銀行信安分行,週一至週五09:00-17:00,臺北市大安區敦化南路2段203號,(02)27057905,302,
財政部臺北市國稅局大安分局,週一至週五08:30-17:30,臺北市大安區信義路3段132號,(02)23587979,319,
臺北市立圖書館龍安民眾閱覽室,"週日至週一09:00~17:00
週二至周六08:30-21:00
(每月第一個週四閉館不開放)",臺北市大安區新生南路2段86號,(02)23945485,,
臺北市立圖書館道藩分館,"1.週日至週一09:00-17:00
2.週二至週六08:30-21:00",臺北市大安區辛亥路3段11號,(02)27334031,9,
國家教育研究院臺北院區,週一至週五08:00-17:00,臺北市大安區和平東路1段179號,(02)77407628,,
土地銀行和平分行,週一至週五09:00-15:30,臺北市大安區和平東路3段15號,(02)27057505,303,
太平洋崇光百貨股份有限公司敦化館,"週日至週四11:00~21:30
週五至週六11:00~22:00
國定假日前1天11:00-22:00",臺北市大安區敦化南路1段246號,(02)27765555,2867,
建南區民活動中心,週一至週五08:00-17:00,臺北市大安區信義路3段82號,(02)23511711,8205,
臺北市辛亥非營利幼兒園,週一至週五08:30-18:30,臺北市大安區辛亥路3段11號,(02)27322374,,
臺北市正義非營利幼兒園,週一至週五07:30-18:30,臺北市大安區忠孝東路3段41號,(02)27726656,,
臺北大眾捷運股份有限公司-東門站,週一至週日06:00-24:00,臺北市大安區信義路2段166號,(02)21812345,,
臺北大眾捷運股份有限公司-大安站,週一至週日06:00-24:00,臺北市大安區信義路3段180號,(02)21812345,,
鼎鼎大飯店股份有限公司台北遠東國際大飯店,週一至週日09:00-17:00,臺北市大安區敦化南路2段201號,"(02)23788888
",,
臺北福華大飯店,週一至週日06:30-22:00,臺北市大安區仁愛路3段160號,(02)27002323,2025,
臺北和平籃球館(東),活動期間或覽館租借期間,臺北市大安區敦南街28號,(02)66170101,1600,
臺北和平籃球館(北),活動期間或覽館租借期間,臺北市大安區敦南街28號,(02)66170101,1600,
國聯觀光大飯店,週一至週日07:30-22:00,臺北市大安區光復南路200號,(02)27331515,103,
福容大飯店台北一館,週一至週日07:00-21:00,臺北市大安區建國南路1段266號,(02)27019266,31,
臺灣當代文化實驗場,"週二至週日09:00-18:00
(星期一休館)",臺北市大安區建國南路1段177號,(02)87735087,224、225,
新光三越百貨股份有限公司台北忠孝分公司,"週日至周四11:00-21:30
週五至週六11:00-22:00",臺北市大安區忠孝東路3段268號,(02)27216688,6090,
經濟部產業發展署,週一至周五09:00-17:00,臺北市大安區信義路3段41之3號,(02)27541255,3115,
臺北市懷愛館,週一至週日07:00-22:00,臺北市大安區辛亥路3段330號,(02)87329686,29751,
臺北市懷愛館,週一至週日07:00-22:00,臺北市大安區辛亥路330號,(02)87329686,29751,
太平洋崇光百貨股份有限公司復興分公司,"週日至週四11:00-21:30
週五至週六11:00-22:00",臺北市大安區忠孝東路3段300號,(02)27765555,3324,
臺北市中山地政事務所,週一至週五 08:30~17:30,臺北市中山區松江路1號,(02)25022881,403,
臺北市立美術館,"週二至周日 9:30~15:30 
周六9:30~20:30",臺北市中山區中山北路3段181號,(02)25957656,515,
臺北市政府警察局中山分局,全日24小時開放,臺北市中山區中山北路2段1號,(02)25362459,,
臺灣菸酒股份有限公司台北啤酒工場  ,全日24小時開放,臺北市中山區八德路2段85號,(02)27719131,430、341,
臺北市立聯合醫院 林森中醫院區,全日24小時開放,臺北市中山區林森北路530號,(02)25916681,1320,
臺北市立育航幼稚園,週一至週五 07:30~18:30,臺北市中山區長春路256號,(02)25178372,213,
新光三越百貨股份有限公司臺北南西分公司,"週日至週四 11:00~21:30
週五、週六及例假日前一天 11:00~22:00",臺北市中山區南京西路12號,(02)25682868,3617、3508,
美麗華城市發展股份有限公司,週一至週日      11:00-22:00,臺北市中山區敬業三路20號,(02)21753456,2231,
財團法人台灣敦睦聯誼會所屬作業組織圓山大飯店,全日24小時開放,臺北市中山區中山北路4段1號,(02)28861818,1610,
教育部體育署,週一至週五 08:30~17:30,臺北市中山區朱崙街20號,(02)87711904,,
中國青年救國團臺北市中山運動中心,週一至週日 06:00~22:00,臺北市中山區中山北路2段2號,(02)25811060,221,
潤泰創新國際股份有限公司中崙分公司,週一至週日  08:30~23:00,臺北市中山區八德路2段306號,(02)27790006,501,
臺北市立中山幼兒園,週一至周五 07:30~18:30,臺北市中山區大直街25號,(02)25336738,,
臺北市立圖書館大直分館,"週二至週六 08:30~21:00
週日至週一 09:00~17:00",臺北市中山區大直街25號25號,(02)25336535,,
臺北市立圖書館恆安閱覽室,"週二至週六 08:30~21:00
週日、週一 09:00~17:00",臺北市中山區民權東路1段19號,(02)25935482,,
臺北市立圖書館中山分館,"週二至週六 08:30~21:00
週日、週一 09:00~17:00",臺北市中山區松江路367號,(02)25026442,,
全越運動事業股份有限公司(臺北市政府體育局委外),週二至周日 9:00~17:00,臺北市中山區建國北路3段39號,(02)25172371,,0977168368
中山老人住宅暨服務中心,週一至週日  09:00~17:00,臺北市中山區新生北路2段2號,(02)25420006,338,0921968923
花博公園天使生活館,週二至週日 09:00~17:00,臺北市中山區濱江街6號,(02)25857228,105,
林安泰古厝民俗文物館,週二至週日 09:00~17:00,臺北市中山區濱江街5號,(02)25996026,,
臺北市國稅局松山分局,週一至週五 08:30~17:30,臺北市中山區南京東路3段131號,(02)27183606,108,
臺北市立圖書館長安分館,"週二至週六 08:30~21:00
週日至週一 09:00~17:00",臺北市中山區長安西路3號,(02)25625540,,
中山公民會館,"週二至週六 09:00~21:00
週日 09:00~17:00
中午12:00~14:00不對外開放",臺北市中山區中山北路2段128號,(02)25314169,,
新光三越百貨股份有限公司台北南西分公司三館,"週一至週日
11：00~22：00",臺北市中山區南京西路15號,"(02)25682868
",3075,0977168368
臺北漁產運銷股份有限公司,週一至週五 08:30~17:30,臺北市中山區民族東路20號,"(02)25099490 
",,0921968923
臺北農產運銷股份有限公司,週一至週五 08:00~17:00(全時段開放),臺北市中山區民族東路336號,(02)25162519,5816,
臺北大眾捷運股份有限公司(松江南京站),"週一至週日
09：00~17：00",臺北市中山區松江路126號,(02)21812345,,
國稅局中北中南稽徵所,週一至週五 08:30~17:30,臺北市中山區松江路219號,(02)25024181,5103,
誠品生活股份有限公司(南西店),"週一至週日
11：00~22：00",臺北市中山區南京西路14號,(02)25813358,,
老爺大酒店,全日24小時開放,臺北市中山區中山北路2段37之1號,(02)25423299,359,
晶華酒店,全日24小時開放,臺北市中山區中山北路2段3號,(02)2521500,3328,
美麗信花園酒店,全日24小時開放,臺北市中山區市民大道3段83號,(02)77025136,,
亞都麗緻大飯店,全日24小時開放,臺北市中山區民權東路2段41號,(02)77352353,,
欣欣百貨,"週一至週日
11：00~22：00",臺北市中山區林森北路247號,(02)25212211,188、190,
歐華酒店,全日24小時開放,臺北市中山區林森北路646號,(02)25853258,,
國王大飯店,全日24小時開放,臺北市中山區南京東路1段118號,(02)25811111,2208,
第一大飯店,全日24小時開放,臺北市中山區南京東路2段63號,(02)25418234,110,
台北美福大飯店,全日24小時開放,臺北市中山區樂群二路  55號,(02)77325599,1663,
義華酒店,全日24小時開放,臺北市中山區樂群二路  197號,(02)21757999,1701,
台北萬豪酒店,全日24小時開放,臺北市中山區樂群二路  199號,(02)21757999,1701,
花博公園圓山園區(爭艷館)_臺北市休閒農業旅遊服務中心(財團法人臺北市會展產業發展基金會委外),週二至週日 09:00~17:00,臺北市中山區玉門街1號,(02)25969214,,
JR東日本大飯店台北,全日24小時開放,臺北市中山區南京東路3段133號,(02)77500900,,
立法院,"僅提供洽公民眾
週一~週五8:30~18:00",臺北市中正區中山南路1號,(02)23585732,,
內政部,週一~週五8:00~18:00,臺北市中正區徐州路5號,(02)23565143,,
交通部,週一~週五8:30~18:00,臺北市中正區仁愛路1段50號,(02)23492527,,
內政部移民署-臺北市服務站,週一~週五8:00~17:00,臺北市中正區廣州街15號,(02)23889393,3104,
臺灣高等法院(民事庭貴陽街),週一~週五9:00~17:00,臺北市中正區貴陽街1段233號,(02)23713261,8579,
臺灣高等法院(刑事庭博愛路),週一~週五9:00~17:00,臺北市中正區博愛路127號,(02)23713261,8579,
中央健康保險署臺北業務組,"依門診時間開放
週一~週五8:30~17:00",臺北市中正區公園路15之1號,(02)23486597,,
國家圖書館,"週二~週六8:00~22:00
每個月第一個禮拜一及國定假日不開放
週一.週日8:00~17:00",臺北市中正區中山南路20號,(02)23619132,158,
國立歷史博物館,週二~週日10:00~18:00,臺北市中正區南海路49號,(02)23610270,506,
國立中正紀念堂管理處,每日09:00~18:00,臺北市中正區中山南路21號,(02)23431100,1072,
臺北市政府警察局,每日24小時,臺北市中正區延平南路96號,(02)23818002,,
臺北市政府警察局中正第二分局,每日24小時,臺北市中正區南海路35號,(02)23751981,,
臺北市交通事件裁決所,週一~週五8:30~17:00,臺北市中正區羅斯福路4段92號,(02)23658270,613,
臺北市稅捐稽徵處,週一~週五8:30~17:30,臺北市中正區北平東路7之2號,(02)23949211,426,
臺北市家庭暴力暨性侵害防治中心,週一~週五8:00~18:00,臺北市中正區延平南路123號,(02)23615295,6903,
臺北市立聯合醫院和平婦幼院區(和平院區2樓),週一~週五08:30~17:00,臺北市中正區中華路2段33號,(02)23889595,2142,
"臺北市立聯合醫院和平婦幼院區
(婦幼院區1樓兒科門診)","週一~週六08:00~17:00
",臺北市中正區福州街12號,(02)23916471,1222,
"臺北市立聯合醫院和平婦幼院區
(婦幼院區健檢處旁)","週一~週六08:00~17:00
",臺北市中正區福州街12號,(02)23916471,1222,
國立臺灣大學醫學院附設醫院(西址院區婦產科門診),週一~週五8:00~17:00,臺北市中正區中山南路8號,(02)23123456,262503,0937395211
國立臺灣大學醫學院附設醫院(兒童醫療大樓兒科2樓),"週一~週五8:00~17:00
週六8:00~12:00",臺北市中正區中山南路8號,(02)23123456,70302,
國立臺灣大學醫學院附設醫院(兒童醫療大樓兒科3樓),"週一~週五8:00~17:00
週六8:00~12:00",臺北市中正區中山南路8號,(02)23123456,70302,
國立臺灣大學醫學院附設醫院(兒童醫療大樓兒科4樓),"週一~週五8:00~16:30
",臺北市中正區中山南路8號,(02)23123456,70302,
三軍總醫院附設民眾診療服務處汀州院區,"週一~週五8:00~20:00
週六8:00~12:00",臺北市中正區汀州路3段40號,(02)87923311,12702,
臺灣銀行股份有限公司,週一~週五9:00~17:00,臺北市中正區重慶南路1段120號,(02)23494375,,
台北自來水事業處西區營業分處,週一~週五08:30~17:30,臺北市中正區牯嶺街38號, (02)33431651,,
交通部臺灣鐵路管理局台北運務段臺北站,每日06:00~24:00,臺北市中正區北平西路3號,(02)23815226,2812,
台灣高速鐵路股份有限公司台北車站,每日06:00~24:00,臺北市中正區北平西路3號,(02)40663000,,0937395211
臺北大眾捷運股份有限公司(臺北車站),每日06:00~24:00,臺北市中正區忠孝西路1段49號,(02)25363001,8683,
新光三越百貨股份有限公司台北站前分公司,"週一~週四、週日11:00~21:45
週五~週六11:00~21:45",臺北市中正區忠孝西路1段66號,(02)23885552,5810,
天成飯店股份有限公司,每日07:00~22:00,臺北市中正區忠孝西路1段43號,(02)23617856,3221,
台灣電力股份有限公司,週一~週五8:00~17:00,臺北市中正區羅斯福路3段242號,(02)23666393,,
臺灣文創發展股份有限公司(華山1914文創園區),週一~週日09:30~20:30,臺北市中正區八德路1段1號,(02)23581914,581、200、201,
臺北大眾捷運股份有限公司(西門站),每日06:00~24:00,臺北市中正區寶慶路32之1號,(02)25363001,8683,
微風場站開發股份有限公司,每日10:00~22:00,臺北市中正區北平西路3號,(02)66328999,5500,
國立臺灣大學醫學院附設醫院(東址南棟1樓),每日24小時,臺北市中正區中山南路8號,(02)23123456,262411,
喜來登飯店,每日10:00-22:00,臺北市中正區忠孝東路1段12號,(02)23215858,8106,
臺北市立圖書館王貫英先生紀念圖書館,"週二~周六8:30~21:00
週日、周一9:00~17:00",臺北市中正區汀州路2段265號,(02)23678734,,
財團法人台北市客家文化基金會           (臺北市客家文化主題公園),"每周一休館
週二~周日9:00~18:00",臺北市中正區汀州路3段2號,(02)23691198,334,
臺灣土地銀行營業部,"週一~週五
9:00~15:30(對外)
9:00~19:00(對內)",臺北市中正區館前路46號,(02)23483618,,
中華郵政股份有限公司臺北北門郵局,週一~週五8:30~21:00   週六9:00~12:00   ,臺北市中正區博愛路1號,(02)23114331,7200,
臺北大眾捷運股份有限公司(中正紀念堂站),每日06:00~24:50,臺北市中正區羅斯福路1段8之1號,(02)25363001,8683,
臺北大眾捷運股份有限公司(古亭站),每日07:00~22:00,臺北市中正區羅斯福路2段164號,(02)25363001,8683,
臺北自來水園區,"夏日週二~週日9:00~18:00                
非夏日週二~週日9:00~17:00",臺北市中正區思源街1號,(02)83695091,5217,
臺北市中正運動中心,每日06:00~20:00,臺北市中正區信義路1段1號,(02)23963358,618,
臺北市立圖書館(城中分館),"週二~周六8:30~21:00
週日、周一9:00~17:00
每月第一個星期四及國定假日休館",臺北市中正區濟南路2段46號,(02)23938274,9,
臺灣臺北地方法院,週一~週五8:30~17:30,臺北市中正區博愛路131號,(02)23146871,6616,
臺灣臺北地方法院檢察署(對外),週一~週五8:30~17:30,臺北市中正區博愛路131號,(02)23146871,6616,
郵政博物館,週二~週日9:00~17:00,臺北市中正區重慶南路2段45號,(02)23945185,815,
臺北市中山堂管理所,"每日09:30~21:00
休館日由單位公告為主",臺北市中正區延平南路98號,(02)23813137,229,
臺北市站前地下街場地利用合作社,"週一到週五11:30~18:30
週六、週日11:30~19:00",臺北市中正區忠孝西路1段50之1號,(02)23751567,21,
臺北市台北地下街場地利用合作社1,每日11:00~22:00,臺北市中正區市民大道1段100號,(02)25594566,504,
臺北市台北地下街場地利用合作社2,每日11:00~22:00,臺北市中正區市民大道1段100號,(02)25594566,504,
立法院中興大樓(研究會館),"僅提供洽公民眾
週一~週五8:30~18:00",臺北市中正區濟南路1段3之1號,(02)23585732,,
國家表演藝術中心國家兩院廳(國家音樂廳),每日12:00~20:00,臺北市中正區中山南路21之1號,(02)33939842,,
交通部臺灣鐵路管理局台北運務段臺北站,每日06:00~24:00,臺北市中正區北平西路3號,(02)23815226,2812,
水源劇場,演出時才開放觀眾使用,臺北市中正區羅斯福路4段92號,(02)23625221,113,
臺北市福安兒童服務中心(委託靖娟兒童安全文教基金會),"民眾(開放時)：週三.週五&週六 09:30-12:00,14:00-16:30/員工09:30-18:30
員工：9:30-18:30
",臺北市中正區汀州路1段123號,(02)23391305,316,
光華商場發展協會,每日10:30~21:00,臺北市中正區市民大道3段8號,(02)23917105,,
國立台灣博物館南門園區,週二~週日9:30~17:00,臺北市中正區南昌路1段1號,(02)23822699,5419,
台北花園大酒店,週一~週六11:00~21:30、週日及例假日10:30-21:30,臺北市中正區中華路2段1號,(02)23143300,3251,
公有南門市場,週二~週日9:00~17:00,臺北市中正區羅斯福路1段8號,(02)23218069,,
臺北市政府警察局交通警察大隊,週一~週五8:00~17:00,臺北市中正區愛國西路26號,(02)23752100,1707,
臺北青年職涯發展中心(臺北市就業服務處),週二~週日09:00~18:00,臺北市中正區仁愛路1段17號,(02)23958567,29,
 三創數位生活園區,"週日~周四11:00~21:30
週五~週六11:00~22:00",臺北市中正區市民大道3段2號,, 080 909 3300,
臺北自來水園區,"夏日週二~週日9:00~18:00                
非夏日週二~週日9:00~17:00",臺北市中正區思源街1號,(02)83695091,,
台灣電力股份有限公司,週一~週五8:00~17:00,臺北市中正區羅斯福路3段242號,(02)23666393,,
中央健康保險署臺北業務組,"依門診時間開放
週一~週五8:30~17:00",臺北市中正區公園路15之1號,(02)23486597,,
台北凱撒大飯店,每日10:00~21:30,臺北市中正區忠孝西路1段38號,(02)23115151,2331,
桃園大眾捷運臺北車站,每日06:00~24:00,臺北市中正區鄭州路8號,(02)32838888,80141,
國家表演藝術中心國家兩院廳(國家戲劇院),每日12:00~20:00,臺北市中正區中山南路21之1號,(02)33939842,,
臺灣文創發展股份有限公司(華山1914文創園區),週一~週日09:30~20:30,臺北市中正區八德路1段1號,(02)23581914,581、200、201,
臺北市家庭暴力暨性侵害防治中心委託財團法人現代婦女基金會經營管理(同心園臺北親子會面中心),週二~週日09:00-18:00,臺北市中正區新生南路1段2號,(02)23615295,6801,
國立台灣博物館本館,週二~週日9:30-17:00,臺北市中正區襄陽路2號,(02)23822699,5437,
國立台灣博物館古生物館,週二~週日9:30-17:00,臺北市中正區襄陽路25號,(02)23822699,5437,
國家攝影文化中心(臺北館)                   (大阪商船株式會社台北支店舊址),週二~週日10:00-18:00,臺北市中正區忠孝西路1段70號,(02)89787040,304,
二二八國家紀念館,週一~週日09:00-17:00,臺北市中正區南海路54號,(02)23326228,129,0920817881
臺北市青少年發展暨家庭教育中心,週一~週08:30~21:30,臺北市中正區仁愛路1段17號,(02)23514078,1709,
經濟部地質調查及礦業管理中心,週一~週五8:30~17:00,臺北市中正區中華路1段53號,(02)23113001,481,
臺北市大同區健康服務中心,週一至週五 08:30~17:30,臺北市大同區昌吉街52號,(02)25853227,6639,
臺北市立聯合醫院中興院區/門診,"1.週一至週五 08:00-17:00           
2.週六 08:00-12:00",臺北市大同區鄭州路145號,(02)25523234,6268,
臺北市政府警察局大同分局,週一至週五 00:00-24:00 ,臺北市大同區錦西街200號,(02)25538943,,
臺北市政府工務局衛生下水道工程處,週一至週五 08:30~17:30,臺北市大同區酒泉街235號,(02)25973183,228,
臺北市大同區公所,週一至週五 08:30~17:30,臺北市大同區昌吉街57號,(02)25975323,106,
財政部關務署,週一至週五 08:00~17:00,臺北市大同區塔城街13號,(02)25505511,1130,
臺北市孔廟管理委員會,週二至週日 08:30~21:00,臺北市大同區大龍街275號,(02)25923934,18,
家福股份有限公司重慶分公司,週一至週日 09:00-24:00,臺北市大同區重慶北路2段171號,,,0920817881
萬達通實業股份有限公司臺北轉運站,每日24小時開放,臺北市大同區市民大道1段209號,(02)77335888,3234,
京站時尚廣場/B3,"1.週日至週四及例假日11:00-21:20
2.週五、週六 11:00~21:50",臺北市大同區承德路1段1號,(02)21828888,9213,
京站時尚廣場/2F,"1.週日至週四及例假日11:00-21:20
2.週五、週六 11:00~21:50",臺北市大同區承德路1段1號,(02)21828888,9213,
京站時尚廣場/3F,"1.週日至週四及例假日11:00-21:20
2.週五、週六 11:00~21:50",臺北市大同區承德路1段1號,(02)21828888,9213,
臺北市立社教館大稻埕戲苑,週二至週日 08:30~18:30,臺北市大同區迪化街1段21號,(02)25569101,281,
臺灣銀行(延平分行),週一至週五 08:00~17:00,臺北市大同區南京西路406號,(02)25522859,313,
臺灣銀行(民權分行),週一至週五 09:00~15:30,臺北市大同區承德路2段239號,(02)25530121,214,
臺北市立大同幼兒園,週一至週五 08:00-16:30,臺北市大同區南京西路8號,(02)25595901,,
臺北當代藝術館,週二至週日 10:00-18:00,臺北市大同區長安西路39號,(02)25523721,233,
臺北大眾捷運股份有限公司-民權西路站,週一至週日 06:00~24:00,臺北市大同區民權西路72號,(02)21812345,,
臺北市立圖書館蘭州民眾閱覽室,"1.週二至週六 08:30~21:00
2.週日至週一 09:00~17:00",臺北市大同區昌吉街57號,(02)25981387,,
臺北市立圖書館延平分館,"1.週日、週一 09:00-17:00
2.週二至週六 08:30-21:30(除國定假日及每個月第一個禮拜四休館日)",臺北市大同區保安街47號,(02)25528534,,
臺北市立圖書館大同分館,"1.週日、週一 09:00-17:00
2.週二至週六 08:30-21:30(除國定假日及每個月第一個禮拜四休館日)",臺北市大同區重慶北路3段318號,(02)25943236,,
臺北市立圖書館建成分館,"1.週日、週一 09:00-17:00
2.週二至週六 08:30-21:30(除國定假日及每個月第一個禮拜四休館日)",臺北市大同區民生西路198之20號,(02)25582320,,
臺北大眾捷運股份有限公司-大橋頭站,週一至週日 06:30~24:00,臺北市大同區民權西路223號,(02)21812345,,
臺北市大同親子館,"1.週二至週五 09:30-11:30；14:00-16:00
2.週六至週日 09:30-10:30；13:00-14:00 ；15:30-16:30",臺北市大同區涼州街2之16號,(02)25571403,12,
臺北市政府消防局第四救災救護大隊大同分隊,每日24小時開放,臺北市大同區重慶北路2段223號,(02)25577233,,
臺北市兒童發展評估療育中心,週一至週五 08:00~17:00,臺北市大同區鄭州路145號,(02)25553000,2879,
衛生福利部國民健康署,週一至週五 08:00-17:00,臺北市大同區塔城街36號,(02)25220808,,
臺北大眾捷運股份有限公司-中山站,週一至週日 06:00~24:00,臺北市大同區南京西路55號,(02)21812345,,
臺北市大同運動中心,週一至週日 06:00-22:00 ,臺北市大同區大龍街51號,(02)25920055,701,
台北君品國際大酒店,每日24小時開放,臺北市大同區承德路1段3號,(02)21819950,3012,
三德觀光大飯店股份有限公司,週一至週五 09:00-21:00,臺北市大同區承德路3段49號,(02)25963121,7400,
臺北市政府警察局刑事警察大隊,每日24小時開放,臺北市大同區重慶北路2段219號,(02)23817292,,
國立臺灣博物館鐵道部園區,週一至週日 08:00~17:00,臺北市大同區延平北路1段2號,(02)23822669,5344,
國立臺灣博物館鐵道部園區,週一至週日 08:00~17:00,臺北市大同區延平北路1段2號,(02)23822669,5344,
國立臺灣博物館鐵道部園區,週一至週日 08:00~17:00,臺北市大同區延平北路1段2號,(02)23822669,5344,
台灣新文化運動館,週二至週日 09:30~17:30          ,臺北市大同區寧夏路87號,(02)25570087,206,
臺北市大同士林婦女支持培力中心,週二至週六 09:00~18:00          ,臺北市大同區迪化街1段21號,(02)25580170,11,
臺北市大同區大稻埕遊客中心,周一至周日 09:30-17:30,臺北市大同區迪化街44號,(02)25596802,335,
臺北市萬華區公所,週一至週五08:30~17:30,臺北市萬華區和平西路3段120號,(02)23064468,304,
臺北市萬華區戶政事務所,週一至週五08:30~17:30,臺北市萬華區和平西路3段120號,(02)23062706,5303,
財政部臺北國稅局萬華稽徵所,"週一至週五08:30~12:30
13:30~17:30",臺北市萬華區萬大路1號,(02)23042270,505,0935447734
財政部臺北市國稅局,週一至週五08:00~18:00,臺北市萬華區中華路1段2號,(02)23113711,2736,
臺北市立圖書館萬華分館,"週一及週日09:00~17:00
週二至週六08:30~21:00",臺北市萬華區東園街19號,(02)23391056,,
交通部臺灣鐵路管理局臺北運務段萬華站,"週一至週日
06:00-22:00",臺北市萬華區康定路382號,(02)23020481,,
國立臺灣大學醫學院附設醫院北護分院,"週一至週五08:00~17:30
18:00~21:00",臺北市萬華區內江街87號,(02)23717101,218349,
臺北市立聯合醫院林森院區中醫門診中心,"週一至週五
09:00~17:00
週六09:00~12:00",臺北市萬華區昆明街100號,(02)23887088,3913,
臺北市政府民政局新移民會館（萬華區）,週二至週日09:00~17:00,臺北市萬華區長沙街2段171號,(02)23701046,65,
臺北市私立國興非營利幼兒園(臺北市政府委託財團法人海棠文教基金會辦理),週一至週五07:30~18:00,臺北市萬華區國興路46號,(02)23037771,,
臺北市立萬華幼兒園,"週一至週五
08:00~17:00",臺北市萬華區梧州街36號,(02)23020936,14,
臺北市立南海實驗幼兒園,週一至週五08:00~17:00,臺北市萬華區西藏路424號,(02)23022984,36,
家樂福股份有限公司台北桂林分公司,週一至週日08:00~22:00,臺北市萬華區桂林路1號,"(02)23889887
",850,0935447734
臺北市立圖書館東園分館,"週一及週日09:00~17:00
週二至週六08:30~21:00",臺北市萬華區東園街199號,(02)23070460,,
臺北市立圖書館西園分館,"週一及週日09:00~17:00
週二至週六08:30~21:00",臺北市萬華區興寧街6號,(02)23069046,9,
中華郵政股份有限公司台北莒光郵局,"週一及週五08:30~17:30
週六09:00~12:00",臺北市萬華區莒光路210號,(02)23024649,10,
臺北市萬華運動中心,週一至週日06:00~22:00,臺北市萬華區西寧南路6之1號,(02)23759900,616,0988004164
臺北市立聯合醫院附設萬華門診部,"週一至週五08:00~11:00
13:00~16:00",臺北市萬華區東園街152號,"(02)23395383
",,
西園29服飾創作基地,"週一至週五
13:30~17:00",臺北市萬華區西園路2段9號,(02)23367599,10,
"西門紅樓
(財團法人台北市文化基金會)",週二至週日11:00~20:00,臺北市萬華區成都路10號,(02)23119380,57,
臺北市立圖書館柳?民眾閱覽室,週一至週日09:00~17:00,臺北市萬華區環河南路2段102號,(02)23080586,,
臺北市立圖書館龍山分館,"週一及週日09:00~17:00
週二至週六08:30~21:00",臺北市萬華區桂林路6號,(02)23311497,,
臺灣銀行龍山分行,週一至週五09:00~15:00,臺北市萬華區康定路380號,(02)23088111,326,
臺北市建成地政事務所,週一至週五08:30~17:00,臺北市萬華區和平西路3段120號,(02)23062122,405,
龍山寺地下街商場,週一至週日11:00~20:00,臺北市萬華區西園路1段145號,(02)23065988,1,
龍山文創基地,週二至週日11:00~18:00,臺北市萬華區西園路1段145號,(02)23065988,26,
臺北市畜產運銷股份有限公司,週一至週五08:00~17:00,臺北市萬華區環河南路2段338號,(02)23055115,15,0988004164
臺北市政府社會局龍山老人服務暨日間照顧中心,週一至週五08:30~17:30,臺北市萬華區梧州街36號,(02)23361881,,
臺北市文化基金會剝皮寮歷史街區,週二至週日09:00~18:00,臺北市萬華區廣州街141號,(02)23023199,31,
龍山商場,週一至週五11:00~17:00,臺北市萬華區和平西路3段120號,(02)23369877,,
臺北市萬華親子館,週二至週日09:30~17:00,臺北市萬華區水源路199號,(02)23047468,,
臺北市立文獻館(臺北市政府文化局),"週一至週五
10:00~17:00
週六、週日
13:00~17:00",臺北市萬華區中華路1段174之1號,(02)23115355,13,
臺北製糖所文化園區,"週二至週日
10:00-16:30",臺北市萬華區大理街132-10號, (02) 23067975,3548,
臺北市青年公園高爾夫球練習場,週一至週日08:30~18:00,臺北市萬華區國興路5號,(02)23014409,,
臺北市政府警察局萬華分局,週一至週日08:30~18:00,臺北市萬華區桂林路135號,(02)23317410,,
豪景大酒店股份有限公司,24小時開放,臺北市萬華區環河南路1段77號,(02)23113131,,0920318106
萬華車站地下停車場(好停企業有限公司),24小時開放,臺北市萬華康定路382號,(02)23020127,,
臺北市文山區健康服務中心,"週一至週五
8:30-17:30",臺北市文山區木柵路3段220號,(02)22343501,6852,
考試院,"週一至週五
8:30-17:30",臺北市文山區試院路1號,(02)82366188,6186,
銓敘部,"週一至週五
8:30-17:30",臺北市文山區試院路1之2號,(02)82366772,,
臺北市文山區公所,"週一至週五
8:30-17:30",臺北市文山區木柵路3段220號,(02)29365522,324,
臺北市文山區戶政事務所,"週一至週五
8:30~20:30
每月最後一個上班日
8:30-17:30",臺北市文山區木柵路3段220號,(02)29395885,1305,
臺北市古亭地政事務所,"週一至週五
8:30-17:00",臺北市文山區萬隆街47之12號,(02)29355369,405,
"臺北市政府
警察局文山第一分局",全天候開放使用,臺北市文山區木柵路2段202號,(02)29390534,,
"臺北市政府
警察局文山第二分局",全天候開放使用,臺北市文山區景中街2號,(02)29326804,,
"臺北市政府環境保護局
木柵垃圾焚化廠","週一至週五
8:00-17:00",臺北市文山區木柵路5段53號,(02)22300800,103,0920318106
臺北市政府公務人員訓練處,"週一至週五
8:00-17:00",臺北市文山區萬美街2段20號,(02)29320212,360,
公務人員保障暨培訓委員會,"每週一至五
8:30-17:30",臺北市文山區試院路1之3號,(02)82366923,,
臺北市立聯合醫院政大門診部,"週一至週五14:00-16:30
週一、週三、週五、週六
09:00-11:30
週二、週四18:00-20:00",臺北市文山區指南路2段117號,(02)82377444,,
臺北市立動物園,"週一至週日 
9:00-17:00
(全年無休,除夕除外)",臺北市文山區新光路2段30號,(02)29382300,613,
臺北市立動物園,"週一至週日 
9:00-17:00
(全年無休,除夕除外)",臺北市文山區新光路2段30號,(02)29382300,613,
臺北市立動物園,"週一至週日 
9:00-17:00
(全年無休,除夕除外)",臺北市文山區新光路2段30號,(02)29382300,613,
臺北市立動物園,"週一至週日 
9:00-17:00
(全年無休,除夕除外)",臺北市文山區新光路2段30號,(02)29382300,613,
臺北市立動物園,"週一至週日 
9:00-17:00
(全年無休,除夕除外)",臺北市文山區新光路2段30號,(02)29382300,613,
臺北市立動物園,"週一至週日 
9:00-17:00
(全年無休,除夕除外)",臺北市文山區新光路2段30號,(02)29382300,613,0961138751
臺北市立動物園,"週一至週日 
9:00-17:00
(全年無休,除夕除外)",臺北市文山區新光路2段30號,(02)29382300,613,0961138751
"臺北市立萬芳醫院-
委託財團法人臺北醫學大學辦理",全天候開放使用,臺北市文山區興隆路3段111號,(02)29307930,8653,
臺北市政府環境保護局木柵垃圾焚化廠回饋設施博嘉運動公園,"週二至周日
8:30-21:00",臺北市文山區木柵路4段16號,(02)22395494,30,
臺北市文山運動中心,"每日6:00-22:00
(除夕、初一除外)",臺北市文山區興隆路3段222號,(02)22308268,221,910342453
臺北市文山婦女支持培力中心,"週二至週六9:00-18:00
週三13:00-21:00",臺北市文山區興隆路2段88號,(02)29359595,12,
考選部,"週一至週五
8:30-17:30",臺北市文山區試院路1之1號,(02)22369188,3166,
考選部國家考場,"週一至週五8:30-17:30
考試期間：
考試開始至結束全程開放",臺北市文山區木柵路1段72號,(02)22369188,3166,
財政部臺北國稅局(文山稽徵所),"週一至五
8:30-17:30",臺北市文山區木柵路3段220號,(02)22343833,110,
臺北市藝文推廣處(文山劇場),"週二至週日
9:00-17:00",臺北市文山區景文街32號,(02)29332199,509,
臺北市立圖書館文山分館,"週日及週一9:00-17:00
週二至週六8:30-21:00       ",臺北市文山區興隆路2段160號,(02)29315339,9,
臺北市兆如老人安養護中心,"週一至週五
8:30-17:30",臺北市文山區政大二街129號,(02)29362188,3118,
"臺北市政府社會局
(文山社會福利服務中心)","週一至週五
8:30-17:30",臺北市文山區興隆路2段160號,(02)29323587,,
臺北市立圖書館萬興分館,"週日及週一9:00-17:00 
週二至週六8:30-21:00       ",臺北市文山區萬壽路27號,(02)22345501,9,
"財團法人優人藝術文化基金會
永安藝文館","週二至週六9:00-21:00
週日9:00-18:00",臺北市文山區木新路2段156之1號,(02)29392279,,
臺北市大眾捷運股份有限公司-貓空纜車,週二至週五9:00-21:00 週六及週日8:30-21:00 ,臺北市文山區新光路2段28號,(02)29363730,3250,
臺北市大眾捷運股份有限公司-貓空纜車,週二至週五9:00-21:00 週六及週日8:30-21:00 ,臺北市文山區新光路2段28號,(02)29363730,3250,
臺北市大眾捷運股份有限公司-貓空纜車,週二至週五9:00-21:00 週六及週日8:30-21:00 ,臺北市文山區指南路3段35號,(02)29363730,3206,
臺北市立圖書館力行分館,"週日及週一9:00-17:00
週二至週六8:30-21:00       ",臺北市文山區一壽街22號,(02)86612196,9,
臺北市立文山幼兒園,週一至週五8:00-17:00,臺北市文山區興隆路4段1號,(02)29395526,18,0974017092
臺北市立圖書館景美分館,"週日及週一9:00-17:00
週二至週六8:30-21:00       ",臺北市文山區羅斯福路5段50號,"(02)29328457
",,0910342453
臺北市立圖書館木柵分館,"週日及週一9:00-17:00
週二至週六8:30-21:00       ",臺北市文山區保儀路3號,(02)29397520,9,
臺北市立圖書館萬芳民眾閱覽室,"週日及週一9:00-16:30 
週二至週六8:30-20:30       ",臺北市文山區萬美街1段25號,(02)22305287,,
臺北市立圖書館景新分館,"週日及週一9:00-17:00
週二至週六8:30-21:00       ",臺北市文山區景後街151號,(02)29331244,,
臺北市政府社會局老人自費安養中心,"週一至週五
8:30~17:30",臺北市文山區興隆路4段6號,(02)29393146,3143,
臺北市文山老人養護中心,"週一至週五09:00-17:00
(國定假日不開放)",臺北市文山區興隆路2段8號,(02)89313190,28,
臺北市文山老人服務中心,"週一至週五
8:30-11:30
13:30-17:30",臺北市文山區萬壽路27號,(02)22344893,103,
臺北市公有興隆市場?,"週二至週日
8:00-17:00",臺北市文山區興隆路2段97號,(02)29349714,,
臺北市文山親子館,"週六及週日
9:30-11:00
13:00-14:30
15:30-17:00
週二至週五
9:30-12:00
14:00-17:00
 (每週一及國定假日不開放)",臺北市文山區興隆路2段88號,(02)22365186,,
景美游泳池,"週二及週日
06:00-11:30
13:30-21:30
 (每週一不開放)",臺北市文山區羅斯福路5段50號,(02)29356931,,
國家文官學院,週一至週五 08:00~17:00,臺北市南港區忠孝東路7段576號,(02)26531670,,
臺北市政府警察局南港分局,24小時,臺北市南港區向陽路150號,(02)27837921,,
中央研究院/綜合體育館,週一至週日 09:00~20:00,臺北市南港區研究院路2段128號,(02)27899437,,
中央研究院/人文社會科學館,週一至週日 08:30~17:30,臺北市南港區研究院路2段128號,(02)26525256,5255,
中央研究院/歐美所,週一至週五 07:30~17:30,臺北市南港區研究院路2段128號,(02)27897211,,
臺北市南港運動中心,週一至週日 06:00~22:00,臺北市南港區玉成街69號,(02)26532279,223,0974017092
交通部臺灣鐵路管理局臺北運務段南港站,週一至週日 06:00~24:00,臺北市南港區南港路1段313號,(02)23815226,8378,
交通部臺灣鐵路管理局臺北運務段南港站,週一至週日 06:00~24:00,臺北市南港區南港路1段313號,(02)23815226,8378,
臺北巿立聯合醫院附設南港門診部,週一至週五 08:00~17:00,臺北市南港區南港路1段360號,(02)27868756,,
臺北巿立聯合醫院忠孝院區,"1.週一至週五 09:00~17:00
2.週六 09:00~12:00",臺北市南港區同德路87號,(02)27861288,1833,
南港軟體工業園區管理委員會,24小時,臺北市南港區三重路19之10號,(02)26553093,117,
臺北大眾捷運股份有限公司-南港展覽館站,週一至週日 06:00~隔日01:00,臺北市南港區研究院路1段1號,(02)25505600,6182,
臺北市南港區公所,週一至週五 08:00~17:00,臺北市南港區南港路1段360號,(02)27831343,618,
臺北市立圖書館舊?分館,"1.週二至週六 08:30~21:00
2.週日、週一 09:00~17:00",臺北市南港區舊莊街1段11號,(02)27837212,,
南港國際展覽中心,週一至週日 09:00~17:30,臺北市南港區經貿二路1號,(02)27255200,5513,
財團法人台灣省私立健順養護中心受託經營管理臺北市南港老人服務暨日間照顧中心,週一至週五 09:00~17:00,臺北市南港區重陽路5號,(02)26535311,13,
臺北市南港區戶政事務所,週一至週五 08:30~20:00,臺北市南港區南港路1段360號,(02)27825196,121,
臺北市政府環境保護局山豬窟游泳池,週二至週日 08:30~21:00,臺北市南港區舊莊街1段32號,(02)26511418,126,
北原會館,"1.週一至週五 08:30~20:30
2.週六、週日 08:30~17:00",臺北市南港區向陽路49號,(02)27828740,,
臺北市立南港幼兒園,週一至週五 07:30~18:30,臺北市南港區重陽路28號,(02)27825081,202,
臺北市立圖書館龍華民眾閱覽室,"1.週一、週日 09:00~17:00
2.週二至週六08:30-21:00",臺北市南港區東新街8號,(02)27851740,,
衛生福利部,週一至週五 08:30~17:30,臺北市南港區忠孝東路6段488號,(02)85907845,,
CITY LINK南港店,"週一至週日 11:00~21:30
",臺北市南港區忠孝東路7段369號,(02)26529065,,
CITY LINK南港店,"週一至週日 11:00~21:30
",臺北市南港區忠孝東路7段369號,(02)26529065,,
CITY LINK南港店,"週一至週日 11:00~21:30
",臺北市南港區忠孝東路7段369號,(02)26529065,,
CITY LINK南港店,"週一至週日 11:00~21:30
",臺北市南港區忠孝東路7段369號,(02)26529065,800588115,
CITY LINK南港店,"週一至週日 11:00~21:30
",臺北市南港區忠孝東路7段369號,(02)26529065,,
CITY LINK南港店,"週一至週日 11:00~21:30
",臺北市南港區忠孝東路7段369號,(02)26529065,,
CITY LINK南港店,"週一至週日 11:00~21:30
",臺北市南港區忠孝東路7段369號,(02)26529065,,
台灣高速鐵路股份有限公司南港站,週一至週六 06:00~24:00,臺北市南港區南港路1段313號,(02)66161000,22037,
Global Mall(冠德企業集團環球南港車站),週一至週日 11:00-22:00,臺北市南港區忠孝東路7段371號,(02)27893289,7011,
Global Mall(冠德企業集團環球南港車站),週一至週日 11:00-22:00,臺北市南港區忠孝東路7段371號,(02)27893289,7011,
臺北市立圖書館南港分館,"1.週二至週六 08:30-21:00
2.週日、週一 09:00-17:00",臺北市南港區南港路1段350號,(02)27825232,,
臺北流行音樂中心,24小時,臺北市南港區市民大道99號,(02)27886620,8315,
漢來美食股份有限公司台北南港分公司 ,週一至週五 08:30~17:30,臺北市南港區經貿一路168號,(02)27886868,8921,
南港LaLaport,週一至週日 11:00-21:30,臺北市南港區經貿二路131號,(02)26532888,,
南港LaLaport,週一至週日 11:00-21:30,臺北市南港區經貿二路131號,(02)26532888,,
南港LaLaport,週一至週日 11:00-21:30,臺北市南港區經貿二路131號,(02)26532888,,
南港LaLaport,週一至週日 11:00-21:30,臺北市南港區經貿二路131號,(02)26532888,,
南港LaLaport,週一至週日 11:00-21:30,臺北市南港區經貿二路131號,(02)26532888,,
"三軍總醫院附設民眾診療服務處
（內湖院區）(婦產部/1樓兒科門診)","1.週一至週五 08:00~22:00
2.週六08:00-12:00",臺北市內湖區成功路2段325號,(02)87923311,88087,
"三軍總醫院附設民眾診療服務處
（內湖院區）(婦產部/5樓婦產門診)","1.週一至週五 08:00~22:00
2.週六08:00-12:00",臺北市內湖區成功路2段325號,(02)87923311,88087,
臺北市內湖區麗湖國民小學,週一至週五 08:00-16:00,臺北市內湖區金湖路8號,(02)26343888,126,
臺北市政府環境保護局內湖區垃圾焚化廠,週二至週日 08:30-21:00,臺北市內湖區安康路290號,(02)27961833,352,
全聯實業股份有限公司南湖分公司,週一至週日 07:30~23:00,臺北市內湖區舊宗路1段188號,(02)27905050,555、556,
好市多股份有限公司臺北內湖區分公司,週一至週日 09:00~21:00,臺北市內湖區舊宗路1段268號,(02)77378818,,
臺北市政府消防局防災科學教育館,週二至週日 09:00~12:00；14:00~17:00,臺北市內湖區成功路2段376號,(02)27297668,8315,
家福股份有限公司內湖區分公司,週一至週日 09:00~23:00,臺北市內湖區民善街88號,(02) 27931036,,
臺灣士林地方法院內湖民事辦公大樓,週一至週五 08:30~17:30,臺北市內湖區民權東路6段91號,(02)27911521,2756,
臺北市政府警察局內湖分局,每日24小時開放,臺北市內湖區民權東路6段101號,(02)27909716,,
臺北市政府警察局內湖分局文德派出所,每日24小時開放,臺北市內湖區民權東路6段26號,"(02)27944946
(02)27944952",,
臺北市立圖書館內湖分館,"1.週日、週一 09:00-17:00
2.週二至周六08:30-21:00（每月第一個星期四不開放）",臺北市內湖區民權東路6段99號,(02)27918772,,
臺北市立圖書館東湖分館,"1.週日、週一 09:00-17:00
2.週二至周六08:30-21:00（每月第一個星期四不開放）",臺北市內湖區五分街6號,(02)26323378,,
臺北市立圖書館西湖分館,"1.週日、週一 09:00-17:00
2.週二至周六08:30-21:00（每月第一個星期四不開放）",臺北市內湖區內湖路1段594號,(02)27973183,,
臺北市立內湖幼兒園,週一至週五 07:30~18:30,臺北市內湖區陽光街9號,"(02)27993223
(02)27973504",,
臺北市內湖運動中心,"週一至週日 06:00~22:00
(農曆除夕、初一除外)",臺北市內湖區洲子街12號,(02)26562869,,
哈啦影城有限公司,週一至週日 10:30~22:00,臺北市內湖區康寧路3段72號,(02)26322693,377,
特力股份有限公司,週一至週日 10:00~21:30,臺北市內湖區新湖三路23號,(02)87915985,,
臺北市政府社會局-內湖老人服務中心,週一至週五 08:30~17:30,臺北市內湖區康樂街20號,(02)26325560,13,
臺北市政府產業發展局-臺北市市場處/台北花卉產銷股份有限公司,週一至週六 04:00~12:00,臺北市內湖區新湖三路28號,(02)27909729,802,
臺北市政府產業發展局-臺北市市場處/台北花卉產銷股份有限公司,週一至週六 04:00~12:00,臺北市內湖區新湖三路36號,(02)27909729,802,
臺北市內湖親子館,週二至週日09:30-17:00,臺北市內湖區內湖路1段659號,(02)77097990,,
"潤泰建設股份有限公司
(Citylink內湖店)","週日至週四 11:00~21:30
週五至週六 11:00~22:00",臺北市內湖區成功路4段188號,(02)77096100,103,
臺北市網球中心,週一至週日 06:00~22:00,臺北市內湖區民權東路6段208號,(02)27951166,813,
臺北市立圖書館西中分館,"1.週日、週一 09:00-17:00
2.週二至周六08:30-21:00（每月第一個星期四不開放）",臺北市內湖區內湖路1段66號,(02)87515497,,
臺北市士林區健康服務中心,週一至週五 08:30~17:30,臺北市士林區中正路439號,(02)28813039,7141,
國立故宮博物院,"週二至週日
09:00~17:00",臺北市士林區至善路2段221號,(02)28812021,68874、2267,
國立故宮博物院,"週二至週日
09:00~17:00",臺北市士林區至善路2段221號,(02)28812021,68874、2267,
國立故宮博物院,"週二至週日
09:00~17:00",臺北市士林區至善路2段221號,(02)28812021,68874、2267,
臺灣士林地方法院,週一至週五 08:30~17:30,臺北市士林區士東路190號,(02)28312321,565,
臺北市士林區戶政事務所,週一至週五 08:30~20:00,臺北市士林區中正路439號,(02)28803252,304,
臺北市立陽明教養院,週一至週五 08:30~17:30,臺北市士林區凱旋路9號,(02)28611380,156,
臺北市立天文科學教育館,週二至週日 09:00~17:00 (週六延長至20:00),臺北市士林區基河路363號,(02)28314551,508,
臺北市職能發展學院,週一至週五 08:30~18:00,臺北市士林區士東路301號,(02)28721940,246,
國立臺灣科學教育館,"週二至週五08:00~18:00
週六及週日08:00~17:00",臺北市士林區士商路189號,(02)66101234,1716,
國立臺灣科學教育館,"週二至週五
08:00~17:00
週六及週日
08:00~18:00",臺北市士林區士商路189號,(02)66101234,1716,
臺北市立聯合醫院陽明院區,全日24小時開放,臺北市士林區雨聲街105號,(02)28353456,6280,
大葉高島屋百貨股份有限公司,週一至週日 11:00~22:00,臺北市士林區忠誠路2段55號,(02)28312345,4414、2381,
家樂福股份有限公司天母分公司,週一至週日 08:00~24:00,臺北市士林區德行西路47號,(02)28338042,,
新光三越百貨股份有限公司台北天母分公司,"週一至週日 
11:00~21:30
",臺北市士林區天母東路68號,(02)28756000,3608,
太平洋崇光百貨股份有限公司天母店,週一至週日 11:00~21:30,臺北市士林區中山北路6段77號,(02)28345000,5328,
臺北市立圖書館天母分館,"週日至週一 09:00~17:00
週二至週六 08:30~21:00",臺北市士林區中山北路7段6號,(02)28736203,,
臺灣士林地方法院檢察署,週一至週五 08:00~17:00,臺北市士林區士東路190號,(02)28331911,5803,
臺北市區監理所士林監理站,週一至週五 08:30~17:00,臺北市士林區承德路5段80號,(02)27630155,705,
臺北市士林運動中心,週一至週日 09:00~19:00,臺北市士林區士商路1號,(02)28806066,116,0926380653
特力屋股份有限公司士林分公司,週一至週日 09:30~18:00,臺北市士林區基河路258號,(02)28891000,687,
臺北自來水事業處陽明營業分處,週一至週五 0800~16:00,臺北市士林區中山北路5段82之1號,(02)28882108,,0920462008
臺北市政府警察局士林分局,全日24小時開放,臺北市士林區文林路235號,(02)28822625,,
臺北市立圖書館葫蘆堵分館,"週日至週一 09:00~17:00
週二至週六 08:30~21:00",臺北市士林區延平北路5段1號,(02)28126513,,
臺北市天母棒球場,比賽舉行才會開放,臺北市士林區忠誠路2段77號,(02)28736548,2101,
臺北市士林區公所士林公民會館,"週一至週日
09:00~12:00 / 14:00~17:00 / 18:00~21:00 ",臺北市士林區大東路75號,(02)88611753,,
臺北市公有士林市場,週一至週日 15:00~23:00,臺北市士林區基河路101號,(02)28815557,,
臺北市士林地政事務所,週一至週五 08:30~17:00,臺北市士林區中正路439號,(02)28812483,404,0938597500
臺灣士林地方法院士林簡易庭,週一至週五 08:30~17:30,臺北市士林區重慶北路4段2號,(02)28312321,565,
臺北市士林親子館,"週二至週五
09:30~12:00 
14:00~17:00
週六及週日
09:30~12:00
14:00~17:00 ",臺北市士林區基和路130號,(02)28830262,,0938597512
臺北市立圖書館李科永紀念圖書館,"週二至週六 08:30~21:00
週日、週一 09:00~17:00                             ",臺北市士林區中正路15號,(02)28833453,,
臺北高等行政法院,週一至週五 09:00~24:00,臺北市士林區富國路101號,(02)28333822,311,
臺北市公有士東市場,週二至週日 08:00~16:00,臺北市士林區士東路100號,(02)28345308,,
臺北大眾捷運股份有限公司-兒童新樂園,週一至週五       9:00~17:00             週六09:00~20:00         週日09:00~18:00,臺北市士林區承德路5段55號,(02)28833823,625,
"國立傳統藝術中心
(台灣戲曲中心)",週二至週日 10:00~18:00,臺北市士林區文林路751號,(02)88669614,,
陽明山國家公園管理處冷水坑遊客服務站,"週一至週日
09:00-16:30",臺北市士林區菁山路170號,(02)28610036,,
陽明山國家公園管理處擎天崗遊客服務站,週一至週日 09:00~16:30,臺北市士林區菁山路246號,(02)28615404,,
臺北市士林區公所,週一至週五8:30~17:30,臺北市士林區中正路439號,(02)28826200,8703,
臺北市政府工務局公園路燈工程管理處,週一至週日8:00~18:00,臺北市士林區福林路60號,(02)28812512,19,
新光三越百貨股份有限公司台北天母分公司,"週一至週日
11:00~21:30
",臺北市士林區忠誠路2段200號,(02)28756000,3608,
臺北表演藝術中心,週二至週日12:00-20:00,臺北市士林區劍潭路1號,(02)77563888,1731,
臺北市政府消防局第四救災救護大隊士林中隊劍潭分隊,週一至週日全天,臺北市士林區中北路5段376號,(02)28813019,,
臺北市北投區健康服務中心,週一到五8:30-17:30,臺北市北投區石牌路2段111號,(02)28261026,7253,
臺北市立圖書館石牌分館,週二到週六上午830到下午21:00/週一及週日上午9:00到下午17:00,臺北市北投區明德路5號3-10樓,(02)28239634,,
臺北市教師研習中心,週一到週五上午9:00到下午17:00,臺北市北投區建國街2號,(02)28616942,226,0920462008
陽明山國家公園管理處,週一到週五上午9:00到下午17:00,臺北市北投區子湖路1之20號,(02)28613601,802,
陽明山國家公園管理處,週一到五0900-17:00,臺北市北投區中興路12號,(02)28619816,197,
行政院國軍退除役官兵輔導委員會臺北榮民總醫院湖畔門診3樓,週一至週五08:00 至 17:30 /週六 08:00 至 14:00 ,臺北市北投區石牌路2段201號,(02)28712121,89911,
行政院國軍退除役官兵輔導委員會臺北榮民總醫院中正樓8樓,24小時,臺北市北投區石牌路2段201號,(02)28712121,6081、7081,
行政院國軍退除役官兵輔導委員會臺北榮民總醫院3門診6樓,週一到六08:00-17:00,臺北市北投區石牌路2段201號,(02)28757414,,0937235280
行政院國軍退除役官兵輔導委員會臺北榮民總醫院科技大樓,24小時,臺北市北投區石牌路2段201號,(02)28712121,28138,
行政院國軍退除役官兵輔導委員會臺北榮民總醫院二門診7樓,週一到五08:00-17:30/週六08:00-14:00,臺北市北投區石牌路2段201號,(02)28712121,,0938597512
行政院國軍退除役官兵輔導委員會臺北榮民總醫院長青樓1樓,24小時,臺北市北投區石牌路2段201號,(02)28712121,68411,
行政院國軍退除役官兵輔導委員會臺北榮民總醫院(致德樓3樓),週一到六08:00-17:00,臺北市北投區石牌路2段322號,(02)28712121,85223,
臺北市立關渡醫院,週一到五8:00-17:00,臺北市北投區知行路12號,(02)28587000,2091、2048,
國防醫學院三軍總醫院北投分院,週一到五9:00-17:00,臺北市北投區新民路60號,(02)28959808,603154,
臺北市北投運動中心,每天8:00-20:00,臺北市北投區石牌路1段100號,(02)28202880,9,
春天酒店股份有限公司,24小時,臺北市北投區幽雅路18號,(02)28924546,120,0932995738
臺北市政府環境保護局北投垃圾焚化廠,假日不開放.平時8:30-17:00,臺北市北投區洲美街271號,(02)28360050,107,
臺北市政府環境保護局北投垃圾焚化廠,週一到五08:00-21:00,臺北市北投區洲美街271號,(02)28360050,103,
臺北市政府警察局北投分局,24小時,臺北市北投區央北路1段1號,(02)28923241,,
臺北市立北投幼兒園,週一到五08:030-17:30,臺北市北投區明德路5號1-2樓,(02)28237022,18,
臺北市立圖書館北投分館,週日及週一09:00-17:00 週二至週六08:30-21:00,臺北市北投區光明路251號,(02)8977682,,
臺北市立圖書館清江分館,週日及週一09:00-17:00 週二至週六08:30-21:00,臺北市北投區公館路198號3樓,(02)28960315,,
臺北市立圖書館吉利分館,週日及週一09:00-17:00 週二至週六08:30-21:00,臺北市北投區立農街1段366號5.6.7.8樓,(02)28201633,,
臺北市立圖書館秀山閱覽室,週日及週一09:00-17:00 週二至週六08:30-21:00,臺北市北投區中和街534 號5至9樓,(02)28921475,9,
臺北市立圖書館永明閱覽室,週日及週一09:00-17:00 週二至週六08:30-21:00,臺北市北投區石牌路2段115號7-8樓,(02)28234141,,
日勝生加賀屋國際溫泉飯店股份有限公司,24小時,臺北市北投區光明路236號,(02)28985555,6013,
臺北市政府原住民事務委員會凱達格蘭文化館,週二到日09:00-17:00,臺北市北投區中山路3-1號,(02)28986500,503,
臺北捷運公司北投站,週一到日08:00-21:00,臺北市北投區光明路1號,,,0937235280
臺北大眾捷運股份有限公司－北投會館,週一到日07:00-22:00,臺北市北投區大業路88號,(02)28930105,8319,
臺北市政府文化局北投溫泉博物館,週二到日09:00-17:00,臺北市北投區中山路2號,(02)28939981,21,
社團法人台北市野鳥學會關渡自然公園管理處,週二到日9:00-17:00,臺北市北投區關渡路55號,(02)28587417,231,
臺北市北投親子館暨托嬰中心,9:30-12:00 14:00-17:00,臺北市北投區光明路22號,(02)28983217,217,
好市多股份有限公司北投分公司,週一到日10:00-21:30,臺北市北投區立德路117號,(02)77291880,207,
北投麗禧溫泉酒店,24小時,臺北市北投區幽雅路30號,(02)28967799,732、738,
台北市消防局第四大隊北投中隊陽明山分隊,24小時,臺北市北投區勝利路1之2號,(02)28616119,,0932995738
家樂福北投店,週一到日08:00-23:00,臺北市北投區中和街366號B1,(02)28963000,732、733,
北投老爺榮康股份有限公司酒店,週一到日09:00-21:00,臺北市北投區中和街2號,(02)28969777,8878,
臺北市立圖書館稻香分館,週日及週一09:00-17:00 週二至週六08:30-21:00,臺北市北投區稻香路81號8樓,(02)28940662,,
台灣電力公司台北北區營業處,週一到五08:00-17:00,臺北市北投區立德街1號,(02)28881678,6288,
臺北市立聯合醫院附設北投門診部,週一到五09:00-17:00,臺北市北投區公館路198號,(02)28912670,,
